0.000000000000000000e+00,3.130000114440917969e+00,0.000000000000000000e+00
5.793408751487731934e-01,2.974024057388305664e+00,-2.058390378952026367e+00
5.910835862159729004e-01,2.970598936080932617e+00,-2.070483922958374023e+00
-3.584825396537780762e-01,2.898491859436035156e+00,-2.979371547698974609e+00
-3.588431477546691895e-01,2.898147344589233398e+00,-2.981116771697998047e+00
-1.328538298606872559e+00,2.569114923477172852e+00,-3.165860176086425781e+00
-1.167831063270568848e+00,2.596499443054199219e+00,-3.442299604415893555e+00
-4.241216778755187988e-01,2.811607122421264648e+00,-3.465434789657592773e+00
-7.837592363357543945e-01,2.746477127075195312e+00,-3.374445676803588867e+00
-9.243459701538085938e-01,2.973623037338256836e+00,-7.472414970397949219e-01
-9.191647768020629883e-01,2.975418567657470703e+00,-7.254878282546997070e-01
-1.493690609931945801e+00,2.693188905715942383e+00,-1.413796305656433105e+00
-1.521922707557678223e+00,2.682331800460815430e+00,-1.344386458396911621e+00
-3.141933083534240723e-01,2.825266122817993164e+00,-3.458856344223022461e+00
-1.207442998886108398e+00,2.493612766265869141e+00,-3.861180543899536133e+00
-1.214255094528198242e+00,2.497292518615722656e+00,-3.826571702957153320e+00
-2.073076725006103516e+00,2.136815309524536133e+00,-2.553851127624511719e+00
-1.453331351280212402e+00,2.666323184967041016e+00,-1.964644908905029297e+00
-1.970030546188354492e+00,2.337895154953002930e+00,-1.769675731658935547e+00
9.670940637588500977e-01,2.625927686691284180e+00,-3.706363439559936523e+00
8.427628278732299805e-01,2.612358570098876953e+00,-3.978071689605712891e+00
8.415920138359069824e-01,2.607921600341796875e+00,-3.998565673828125000e+00
8.299636840820312500e-01,2.742293596267700195e+00,-3.334372997283935547e+00
7.714538574218750000e-01,2.763119697570800781e+00,-3.296885251998901367e+00
-2.349869966506958008e+00,1.924980044364929199e+00,-1.974707365036010742e+00
-9.335137605667114258e-01,2.841831445693969727e+00,-2.408053159713745117e+00
-9.314783811569213867e-01,2.588303327560424805e+00,-3.953196763992309570e+00
-1.089319229125976562e+00,2.900867938995361328e+00,-1.115884065628051758e+00
-1.074214339256286621e+00,2.908285617828369141e+00,-1.077688217163085938e+00
-2.338916301727294922e+00,1.990436196327209473e+00,-1.585466980934143066e+00
-2.131409406661987305e+00,2.191679239273071289e+00,-1.737914562225341797e+00
-2.055200576782226562e+00,2.304902791976928711e+00,-1.323802471160888672e+00
-2.066357851028442383e+00,2.295216083526611328e+00,-1.324998855590820312e+00
1.474177002906799316e+00,2.543243169784545898e+00,-2.844832420349121094e+00
1.343153238296508789e+00,2.645221710205078125e+00,-2.640738964080810547e+00
1.305482149124145508e+00,2.661019563674926758e+00,-2.649803876876831055e+00
1.252246022224426270e+00,2.781630516052246094e+00,-1.816401004791259766e+00
1.253176331520080566e+00,2.773243665695190430e+00,-1.887958765029907227e+00
-5.592348575592041016e-01,2.632292032241821289e+00,-4.232051372528076172e+00
-4.020257592201232910e-01,2.593086481094360352e+00,-4.514872550964355469e+00
-1.339798450469970703e+00,2.648446321487426758e+00,-2.616660356521606445e+00
-1.465598821640014648e+00,2.596365690231323242e+00,-2.498840808868408203e+00
-1.126768350601196289e+00,2.397513628005981445e+00,-4.420351028442382812e+00
-1.102165102958679199e+00,2.448076725006103516e+00,-4.262543201446533203e+00
-2.383618354797363281e+00,2.021750450134277344e+00,-4.112257659435272217e-01
-2.024612665176391602e+00,2.375087976455688477e+00,-4.554639011621475220e-02
-1.117706418037414551e+00,2.914739847183227539e+00,-9.432812221348285675e-03
-8.209337592124938965e-01,3.013777971267700195e+00,-1.785722076892852783e-01
-6.298419833183288574e-01,3.055842638015747070e+00,-4.032815694808959961e-01
-6.729531884193420410e-01,3.048513412475585938e+00,-4.167608320713043213e-01
-2.418530464172363281e+00,1.879599928855895996e+00,-1.690507054328918457e+00
-2.423101425170898438e+00,1.877215862274169922e+00,-1.656934738159179688e+00
-2.149267196655273438e+00,2.213349819183349609e+00,-1.366460442543029785e+00
1.998538613319396973e+00,2.306483268737792969e+00,-1.789497613906860352e+00
1.868143677711486816e+00,2.378946304321289062e+00,-2.105265140533447266e+00
9.475457072257995605e-01,2.942306041717529297e+00,-1.224757194519042969e+00
1.182372450828552246e+00,2.847611665725708008e+00,-1.355875730514526367e+00
-2.969228327274322510e-01,2.606951951980590820e+00,-4.517792701721191406e+00
-2.380073785781860352e+00,1.613815903663635254e+00,-3.266458511352539062e+00
-2.387889385223388672e+00,1.599979877471923828e+00,-3.276731491088867188e+00
-1.914046764373779297e+00,2.137409210205078125e+00,-3.311677217483520508e+00
-2.708659172058105469e-01,2.493562698364257812e+00,-4.954811096191406250e+00
-2.206250667572021484e+00,2.217088699340820312e+00,-3.605992347002029419e-02
-2.233671903610229492e+00,2.191848993301391602e+00,-1.826824806630611420e-02
-1.580913782119750977e+00,2.691301107406616211e+00,-1.292197126895189285e-02
-2.601360797882080078e+00,1.693836450576782227e+00,-9.940466880798339844e-01
-2.770813703536987305e+00,1.416847825050354004e+00,-8.827120065689086914e-01
-2.395865917205810547e+00,2.002046346664428711e+00,-5.513079762458801270e-01
-2.369900941848754883e+00,2.030193805694580078e+00,-5.675550103187561035e-01
1.835901618003845215e+00,2.344583272933959961e+00,-2.530554533004760742e+00
1.820990443229675293e+00,2.312976360321044922e+00,-2.802312374114990234e+00
2.154264450073242188e+00,2.191766023635864258e+00,-1.559406995773315430e+00
1.966765642166137695e+00,2.087053060531616211e+00,-3.314956188201904297e+00
1.837936043739318848e+00,2.476904153823852539e+00,-1.323164463043212891e+00
1.284507155418395996e+00,2.805652141571044922e+00,-1.328255534172058105e+00
1.280120134353637695e+00,2.807467937469482422e+00,-1.329203963279724121e+00
-9.647709131240844727e-02,2.479371070861816406e+00,-5.047873497009277344e+00
-1.103663668036460876e-01,2.522415399551391602e+00,-4.902725219726562500e+00
-1.561757326126098633e+00,2.356133222579956055e+00,-3.564018487930297852e+00
2.910213544964790344e-02,2.431794643402099609e+00,-5.222867488861083984e+00
-1.726140618324279785e+00,2.023103237152099609e+00,-4.373908042907714844e+00
-1.659015297889709473e+00,2.244796514511108398e+00,-3.751036882400512695e+00
-1.436608195304870605e+00,2.162690401077270508e+00,-4.633243560791015625e+00
-1.610769867897033691e+00,2.116114139556884766e+00,-4.368633270263671875e+00
-1.294906139373779297e+00,2.841767072677612305e+00,-2.503129839897155762e-01
-1.303709506988525391e+00,2.838136196136474609e+00,-2.613222897052764893e-01
-2.819544792175292969e+00,1.154546618461608887e+00,-1.893013954162597656e+00
-2.915938138961791992e+00,9.907051920890808105e-01,-1.748491406440734863e+00
-2.854833602905273438e+00,1.219237208366394043e+00,-1.053528904914855957e+00
-2.792676448822021484e+00,1.362675905227661133e+00,-9.665281176567077637e-01
-2.886989593505859375e+00,1.207920312881469727e+00,-3.719194978475570679e-02
-2.943224906921386719e+00,1.052809119224548340e+00,-4.097744822502136230e-01
1.385491251945495605e+00,2.138815641403198242e+00,-4.817646503448486328e+00
2.021898984909057617e+00,1.879258155822753906e+00,-3.907189130783081055e+00
1.951226592063903809e+00,2.127641677856445312e+00,-3.195640325546264648e+00
1.883931159973144531e+00,2.243113279342651367e+00,-2.909596204757690430e+00
2.533354997634887695e+00,1.626483678817749023e+00,-2.255386114120483398e+00
2.244349956512451172e+00,1.691663861274719238e+00,-3.652378320693969727e+00
2.615207910537719727e+00,1.444187998771667480e+00,-2.464569330215454102e+00
2.537376165390014648e+00,1.399504542350769043e+00,-3.134956359863281250e+00
2.609405755996704102e+00,1.359206676483154297e+00,-2.826259613037109375e+00
1.750599503517150879e+00,2.585372686386108398e+00,-3.038540482521057129e-01
2.040358066558837891e+00,2.362262010574340820e+00,-5.285962224006652832e-01
2.118248701095581055e+00,2.278752088546752930e+00,-8.941153883934020996e-01
2.017950296401977539e+00,2.375248670578002930e+00,-6.392872929573059082e-01
1.986337780952453613e+00,2.384509086608886719e+00,-9.929923415184020996e-01
2.123737573623657227e+00,2.257435083389282227e+00,-1.067677259445190430e+00
1.426775902509689331e-01,3.102071762084960938e+00,-8.849041461944580078e-01
7.988387346267700195e-01,3.020196914672851562e+00,-2.366718798875808716e-01
8.671581149101257324e-01,2.296085596084594727e+00,-5.145847797393798828e+00
6.122902035713195801e-01,2.302140712738037109e+00,-5.377046108245849609e+00
5.851772427558898926e-01,2.357510805130004883e+00,-5.226085662841796875e+00
2.205893695354461670e-01,2.403717517852783203e+00,-5.280946731567382812e+00
2.312634885311126709e-01,2.405591011047363281e+00,-5.270677566528320312e+00
-1.753449678421020508e+00,2.096007347106933594e+00,-4.042722702026367188e+00
-1.088766336441040039e+00,1.991821169853210449e+00,-5.709774494171142578e+00
-1.264153718948364258e+00,1.871982336044311523e+00,-5.742151260375976562e+00
-9.103590846061706543e-01,2.439025640487670898e+00,-4.596894741058349609e+00
-1.750093936920166016e+00,1.713995814323425293e+00,-5.511207580566406250e+00
-1.678787112236022949e+00,1.690250992774963379e+00,-5.598264217376708984e+00
-1.749701976776123047e+00,1.825151324272155762e+00,-4.887393474578857422e+00
-1.970429897308349609e+00,1.622846245765686035e+00,-4.797819137573242188e+00
-2.860704421997070312e+00,1.251915335655212402e+00,-5.636327862739562988e-01
-2.863484382629394531e+00,1.247263431549072266e+00,-5.374108552932739258e-01
1.270250439643859863e+00,1.806027293205261230e+00,-5.879583835601806641e+00
4.296307563781738281e-01,2.252124547958374023e+00,-5.646140575408935547e+00
2.143667221069335938e+00,1.491080641746520996e+00,-4.570163726806640625e+00
2.080362081527709961e+00,1.544376254081726074e+00,-4.654060840606689453e+00
1.690569996833801270e+00,1.693311810493469238e+00,-5.347116947174072266e+00
1.849046230316162109e+00,1.618877887725830078e+00,-5.345831871032714844e+00
1.316334724426269531e+00,2.042298555374145508e+00,-5.225452899932861328e+00
1.578409790992736816e+00,2.247264862060546875e+00,-3.973393201828002930e+00
1.834297180175781250e+00,2.066569805145263672e+00,-3.893063306808471680e+00
2.899970054626464844e+00,1.074898481369018555e+00,-2.034409284591674805e+00
2.896962881088256836e+00,1.016515374183654785e+00,-1.934423685073852539e+00
2.816101312637329102e+00,1.111103296279907227e+00,-2.545851707458496094e+00
2.831259489059448242e+00,1.087414026260375977e+00,-2.435601472854614258e+00
2.652132272720336914e+00,1.620237946510314941e+00,-9.077647924423217773e-01
2.490658998489379883e+00,1.226721763610839844e+00,-3.836513042449951172e+00
2.707373857498168945e+00,1.208862900733947754e+00,-2.652549028396606445e+00
4.446642994880676270e-01,3.090765476226806641e+00,-2.302556633949279785e-01
3.479908704757690430e-01,3.104490280151367188e+00,-1.661929339170455933e-01
1.065584063529968262e+00,2.936734914779663086e+00,-1.178890466690063477e-02
2.789604067802429199e-01,2.251381635665893555e+00,-5.710705280303955078e+00
-2.570973038673400879e-01,1.928205609321594238e+00,-6.499209403991699219e+00
-1.408009082078933716e-01,1.947132825851440430e+00,-6.482903957366943359e+00
8.876324445009231567e-02,1.994611859321594238e+00,-6.387493610382080078e+00
-1.295143008232116699e+00,1.775855422019958496e+00,-6.036198616027832031e+00
3.519300222396850586e-01,2.031902074813842773e+00,-6.241279125213623047e+00
-1.404737532138824463e-01,2.050704956054687500e+00,-6.256634235382080078e+00
-2.100772380828857422e+00,1.569350242614746094e+00,-4.915211677551269531e+00
-2.107780218124389648e+00,1.537833690643310547e+00,-4.888362407684326172e+00
-2.303916692733764648e+00,1.501427888870239258e+00,-4.476027965545654297e+00
-2.242803335189819336e+00,1.399955868721008301e+00,-4.554450988769531250e+00
-2.424211978912353516e+00,1.390691280364990234e+00,-4.131646633148193359e+00
-2.384796857833862305e+00,1.410710692405700684e+00,-4.241295337677001953e+00
-2.128684282302856445e+00,1.546875715255737305e+00,-4.491760730743408203e+00
9.999520182609558105e-01,1.808741569519042969e+00,-6.276949405670166016e+00
3.257717490196228027e-01,2.109430313110351562e+00,-6.063154220581054688e+00
1.293616294860839844e+00,2.454545497894287109e+00,-3.835026979446411133e+00
1.197408795356750488e+00,2.417824506759643555e+00,-4.199756145477294922e+00
2.950124025344848633e+00,9.732605218887329102e-01,-9.829256534576416016e-01
2.298314809799194336e+00,2.117513656616210938e+00,-7.305951416492462158e-02
2.369614362716674805e+00,2.033638715744018555e+00,-1.189534589648246765e-01
2.836766719818115234e+00,1.272119641304016113e+00,-9.436730742454528809e-01
1.143232509493827820e-01,2.126674413681030273e+00,-6.076353549957275391e+00
5.503915548324584961e-01,1.995138764381408691e+00,-6.522806644439697266e+00
-1.549606680870056152e+00,1.805190920829772949e+00,-5.779535770416259766e+00
1.438521862030029297e+00,2.464571237564086914e+00,-3.406455755233764648e+00
1.533077716827392578e+00,2.400126218795776367e+00,-3.423142671585083008e+00
1.238559484481811523e+00,1.811165094375610352e+00,-6.090893268585205078e+00
1.295200824737548828e+00,1.736416578292846680e+00,-6.030681133270263672e+00
3.004236936569213867e+00,9.310418963432312012e-01,-5.333003401756286621e-01
2.783450126647949219e+00,1.423686027526855469e+00,-3.414022922515869141e-01
2.913944244384765625e+00,1.140562653541564941e+00,-1.218939423561096191e-01
2.954321146011352539e+00,1.032279968261718750e+00,-9.973664581775665283e-02
2.800012826919555664e+00,1.392532706260681152e+00,-1.383440918289124966e-03
2.561560869216918945e+00,1.792951107025146484e+00,-1.486807614564895630e-01
2.607354640960693359e+00,1.723985910415649414e+00,-6.405473500490188599e-02
-5.715388059616088867e-01,1.935265541076660156e+00,-6.512403011322021484e+00
-1.214325547218322754e+00,2.130169391632080078e+00,-6.120580673217773438e+00
-1.695897459983825684e+00,2.292699098587036133e+00,-5.581168651580810547e+00
1.934282541275024414e+00,2.208209514617919922e+00,-5.255909919738769531e+00
-1.834838628768920898e+00,2.064437627792358398e+00,-5.422163486480712891e+00
-1.661822080612182617e+00,3.243707418441772461e+00,-5.039131164550781250e+00
-1.859585046768188477e+00,2.957328081130981445e+00,-5.011272907257080078e+00
-1.913295388221740723e+00,2.700509309768676758e+00,-5.106223106384277344e+00
-2.015727996826171875e+00,2.567691326141357422e+00,-5.005534648895263672e+00
1.982756018638610840e+00,2.978805065155029297e+00,-4.785561561584472656e+00
2.167497396469116211e+00,1.666929364204406738e+00,-4.820716381072998047e+00
2.205020666122436523e+00,1.756365060806274414e+00,-4.770830154418945312e+00
2.069756031036376953e+00,1.527328610420227051e+00,-4.952310562133789062e+00
-1.587686181068420410e+00,3.535107851028442383e+00,-4.790596008300781250e+00
-1.879138827323913574e+00,3.204038858413696289e+00,-4.744257450103759766e+00
-2.070028543472290039e+00,2.801273584365844727e+00,-4.769626617431640625e+00
-2.174635648727416992e+00,2.570878505706787109e+00,-4.710021018981933594e+00
-2.229310989379882812e+00,2.098434209823608398e+00,-4.744738101959228516e+00
2.294880151748657227e+00,1.790086507797241211e+00,-4.592597961425781250e+00
-2.300580024719238281e+00,1.761161088943481445e+00,-4.574848175048828125e+00
-2.264075040817260742e+00,1.698499560356140137e+00,-4.636153697967529297e+00
-2.114498853683471680e+00,3.069697856903076172e+00,-4.448473453521728516e+00
-2.291608810424804688e+00,2.585240840911865234e+00,-4.459506511688232422e+00
-2.375068187713623047e+00,2.383218526840209961e+00,-4.364401817321777344e+00
2.533111572265625000e+00,2.386184692382812500e+00,-3.965877532958984375e+00
2.358922004699707031e+00,1.653733849525451660e+00,-4.415823936462402344e+00
-2.428493022918701172e+00,1.840229034423828125e+00,-4.297812461853027344e+00
-1.887472391128540039e+00,3.635008573532104492e+00,-4.138312816619873047e+00
-2.429582118988037109e+00,2.539041757583618164e+00,-4.161601543426513672e+00
-2.502438068389892578e+00,2.488889932632446289e+00,-3.999225139617919922e+00
2.245391130447387695e+00,3.340731382369995117e+00,-3.816099882125854492e+00
1.313373565673828125e+00,3.858971357345581055e+00,-4.654079914093017578e+00
1.726087093353271484e+00,3.774117708206176758e+00,-4.194546222686767578e+00
2.501916408538818359e+00,1.609100699424743652e+00,-4.047428607940673828e+00
2.432811975479125977e+00,1.447413682937622070e+00,-4.145778179168701172e+00
2.388944625854492188e+00,1.424093008041381836e+00,-4.239007949829101562e+00
-2.539770126342773438e+00,1.705096244812011719e+00,-3.980498075485229492e+00
-1.595352411270141602e+00,4.052309036254882812e+00,-3.860960483551025391e+00
-8.483300209045410156e-01,4.309877395629882812e+00,-4.232068061828613281e+00
-2.273965835571289062e+00,3.230018615722656250e+00,-3.900637388229370117e+00
-2.390129804611206055e+00,3.095561504364013672e+00,-3.774152278900146484e+00
-2.557800769805908203e+00,2.654811382293701172e+00,-3.739327907562255859e+00
-2.661660671234130859e+00,2.079942941665649414e+00,-3.668965101242065430e+00
2.504597663879394531e+00,3.225606679916381836e+00,-3.246472835540771484e+00
2.300149679183959961e+00,3.407086372375488281e+00,-3.564205169677734375e+00
2.249241590499877930e+00,3.449886798858642578e+00,-3.627738237380981445e+00
2.019595384597778320e+00,3.754341602325439453e+00,-3.632462978363037109e+00
2.042744636535644531e+00,3.754996061325073242e+00,-3.576905965805053711e+00
1.535446643829345703e+00,3.940703630447387695e+00,-4.196357250213623047e+00
2.699486970901489258e+00,1.729315400123596191e+00,-3.511592149734497070e+00
2.713442325592041016e+00,1.718298912048339844e+00,-3.458873510360717773e+00
-2.612699031829833984e+00,1.510032653808593750e+00,-3.684996128082275391e+00
-8.241185545921325684e-01,4.441257953643798828e+00,-3.924314737319946289e+00
-2.066664457321166992e+00,3.710209131240844727e+00,-3.609300374984741211e+00
-1.769308805465698242e+00,4.050374984741210938e+00,-3.526808738708496094e+00
-4.244982302188873291e-01,4.424707412719726562e+00,-4.231147289276123047e+00
-1.544806957244873047e-01,4.208505630493164062e+00,-4.781068325042724609e+00
-2.365013360977172852e+00,3.323631048202514648e+00,-3.520764827728271484e+00
-2.462793588638305664e+00,3.044389963150024414e+00,-3.633985042572021484e+00
-2.614992856979370117e+00,2.771389484405517578e+00,-3.463941335678100586e+00
2.807498455047607422e+00,2.139313220977783203e+00,-3.161653995513916016e+00
2.824827909469604492e+00,2.488772869110107422e+00,-2.937952041625976562e+00
2.819064617156982422e+00,2.590913772583007812e+00,-2.885353803634643555e+00
1.556541323661804199e+00,4.121799468994140625e+00,-3.767777204513549805e+00
1.514434695243835449e+00,4.110170364379882812e+00,-3.866316795349121094e+00
8.926630616188049316e-01,4.279152870178222656e+00,-4.264385223388671875e+00
1.461503863334655762e+00,4.227242469787597656e+00,-3.669161558151245117e+00
1.231312990188598633e+00,4.279073715209960938e+00,-3.885308504104614258e+00
2.832980394363403320e+00,1.689073204994201660e+00,-3.007937192916870117e+00
2.871542692184448242e+00,2.202001094818115234e+00,-2.889136075973510742e+00
2.656542062759399414e+00,1.310117006301879883e+00,-3.404813289642333984e+00
2.604540824890136719e+00,1.174895286560058594e+00,-3.445137262344360352e+00
-2.693720340728759766e+00,1.381759405136108398e+00,-3.336788177490234375e+00
-2.820462942123413086e+00,2.029167652130126953e+00,-3.124135732650756836e+00
-1.870247840881347656e+00,4.029370784759521484e+00,-3.351158857345581055e+00
-5.519779920578002930e-01,4.573485374450683594e+00,-3.764629125595092773e+00
-2.086883068084716797e+00,3.865252733230590820e+00,-3.206506490707397461e+00
1.432752609252929688e-01,4.341740608215332031e+00,-4.501129627227783203e+00
1.264691948890686035e-01,4.241330146789550781e+00,-4.717106342315673828e+00
-2.905048727989196777e-01,4.610597133636474609e+00,-3.781949758529663086e+00
2.222606092691421509e-01,3.957303285598754883e+00,-5.218689918518066406e+00
2.487167418003082275e-01,4.009754180908203125e+00,-5.126451492309570312e+00
1.748117357492446899e-01,4.115518569946289062e+00,-4.952912807464599609e+00
-2.380585670471191406e+00,3.519304752349853516e+00,-3.113711833953857422e+00
-2.465954065322875977e+00,3.373751401901245117e+00,-3.118612051010131836e+00
-2.557089328765869141e+00,3.136378526687622070e+00,-3.210396051406860352e+00
-2.732857227325439453e+00,2.720097541809082031e+00,-3.101848602294921875e+00
-2.729457855224609375e+00,2.573611974716186523e+00,-3.243119478225708008e+00
-2.829313039779663086e+00,2.442306041717529297e+00,-2.952279329299926758e+00
2.713246107101440430e+00,3.210972785949707031e+00,-2.455074310302734375e+00
2.125254154205322266e+00,3.884257793426513672e+00,-3.047542333602905273e+00
2.904894590377807617e+00,2.362497091293334961e+00,-2.670052766799926758e+00
1.398524165153503418e+00,4.332298755645751953e+00,-3.488698005676269531e+00
5.880792140960693359e-01,4.251529693603515625e+00,-4.543126583099365234e+00
1.073068618774414062e+00,4.461411476135253906e+00,-3.600165367126464844e+00
1.042778611183166504e+00,4.436865329742431641e+00,-3.709036827087402344e+00
3.201146721839904785e-01,4.155791282653808594e+00,-4.847035884857177734e+00
7.851567864418029785e-01,3.627861499786376953e+00,-5.463288784027099609e+00
2.944717407226562500e+00,2.064138650894165039e+00,-2.583192586898803711e+00
2.779184818267822266e+00,1.275400996208190918e+00,-2.917307138442993164e+00
2.749444723129272461e+00,1.258684992790222168e+00,-3.019510984420776367e+00
2.924412727355957031e+00,2.444706201553344727e+00,-2.524772882461547852e+00
-2.730255126953125000e+00,1.190077185630798340e+00,-3.014624357223510742e+00
-2.895806550979614258e+00,2.252744913101196289e+00,-2.766219854354858398e+00
-1.114298820495605469e+00,4.656232357025146484e+00,-2.884505271911621094e+00
-8.969602584838867188e-01,4.703193664550781250e+00,-3.014567613601684570e+00
-2.015027046203613281e+00,4.006040573120117188e+00,-3.037580490112304688e+00
-1.941969871520996094e+00,4.104008197784423828e+00,-2.953919172286987305e+00
-3.664781153202056885e-01,4.715462207794189453e+00,-3.417213678359985352e+00
-8.901850879192352295e-02,4.639080047607421875e+00,-3.738558530807495117e+00
-1.996624946594238281e+00,4.103535652160644531e+00,-2.792483329772949219e+00
2.178248763084411621e-01,4.572212219238281250e+00,-3.911579608917236328e+00
2.864974439144134521e-01,4.536282539367675781e+00,-3.992900609970092773e+00
4.145713448524475098e-01,4.074001789093017578e+00,-4.969881534576416016e+00
4.273650646209716797e-01,4.056736946105957031e+00,-4.995310783386230469e+00
-2.662179470062255859e+00,2.983895540237426758e+00,-3.054989576339721680e+00
-2.666973829269409180e+00,3.039294958114624023e+00,-2.957731008529663086e+00
-2.938646554946899414e+00,2.248847246170043945e+00,-2.566656827926635742e+00
-2.920849084854125977e+00,2.356087684631347656e+00,-2.599252223968505859e+00
2.656224966049194336e+00,3.379097700119018555e+00,-2.337764024734497070e+00
2.324868679046630859e+00,3.832609653472900391e+00,-2.511389017105102539e+00
1.912152528762817383e+00,4.176721096038818359e+00,-2.810059070587158203e+00
1.891592502593994141e+00,3.999725580215454102e+00,-3.375436544418334961e+00
1.846940517425537109e+00,4.082296371459960938e+00,-3.262879610061645508e+00
1.566768169403076172e+00,4.440428256988525391e+00,-2.798598766326904297e+00
1.100384473800659180e+00,4.529103755950927734e+00,-3.354861736297607422e+00
3.644948899745941162e-01,4.635203838348388672e+00,-3.679664373397827148e+00
7.254059314727783203e-01,4.629547595977783203e+00,-3.460869550704956055e+00
8.236004114151000977e-01,4.609377384185791016e+00,-3.430551528930664062e+00
3.074658513069152832e-01,4.449093818664550781e+00,-4.213108539581298828e+00
4.475952386856079102e-01,4.564867973327636719e+00,-3.849010944366455078e+00
2.443185746669769287e-01,3.850186347961425781e+00,-5.377761363983154297e+00
3.046990931034088135e-01,3.806600332260131836e+00,-5.429476737976074219e+00
4.737272858619689941e-01,3.586948871612548828e+00,-5.664885997772216797e+00
2.885869741439819336e+00,1.251887440681457520e+00,-2.402947187423706055e+00
-2.820404052734375000e+00,1.153837680816650391e+00,-2.587023735046386719e+00
-2.949010133743286133e+00,1.610580325126647949e+00,-2.440806388854980469e+00
-2.963454484939575195e+00,1.687391281127929688e+00,-2.409360170364379883e+00
-2.778953313827514648e+00,1.131934762001037598e+00,-2.742403507232666016e+00
-2.738328218460083008e+00,3.005563974380493164e+00,-2.721550226211547852e+00
-1.734328031539916992e+00,4.368614673614501953e+00,-2.632060050964355469e+00
-1.672652482986450195e+00,4.431381702423095703e+00,-2.558740377426147461e+00
-8.901702165603637695e-01,4.788544654846191406e+00,-2.675038814544677734e+00
-6.752564758062362671e-02,4.789979934692382812e+00,-3.237917423248291016e+00
2.133785746991634369e-03,4.769477844238281250e+00,-3.316638231277465820e+00
1.602409780025482178e-01,4.666134357452392578e+00,-3.645119905471801758e+00
7.456184178590774536e-02,4.689604282379150391e+00,-3.584193468093872070e+00
-2.163462877273559570e+00,4.038372039794921875e+00,-2.446299076080322266e+00
1.313037425279617310e-01,4.732380390167236328e+00,-3.436019897460937500e+00
-2.537244796752929688e+00,3.583310842514038086e+00,-2.350199460983276367e+00
-2.860454320907592773e+00,2.896891832351684570e+00,-2.312675476074218750e+00
-3.009387731552124023e+00,2.178858280181884766e+00,-2.215363264083862305e+00
2.978222608566284180e+00,2.831214427947998047e+00,-1.702351570129394531e+00
3.052331924438476562e+00,2.094067335128784180e+00,-1.976150274276733398e+00
3.058906316757202148e+00,2.252279758453369141e+00,-1.870060682296752930e+00
2.814588546752929688e+00,3.266489982604980469e+00,-1.745929241180419922e+00
2.482625246047973633e+00,3.795185089111328125e+00,-1.907479524612426758e+00
2.322962284088134766e+00,3.957848310470581055e+00,-2.075245857238769531e+00
1.495074629783630371e+00,4.554795742034912109e+00,-2.514268636703491211e+00
1.249111890792846680e+00,4.644564151763916016e+00,-2.685739517211914062e+00
8.271817564964294434e-01,4.686820030212402344e+00,-3.160213947296142578e+00
8.047924637794494629e-01,4.664306640625000000e+00,-3.266061544418334961e+00
3.360921442508697510e-01,4.741662502288818359e+00,-3.340907573699951172e+00
-4.839922860264778137e-02,4.415290832519531250e+00,-4.340553283691406250e+00
-2.886398077011108398e+00,1.124823689460754395e+00,-2.210172176361083984e+00
-2.981285333633422852e+00,1.462566852569580078e+00,-2.129035711288452148e+00
-2.967394590377807617e+00,2.616134643554687500e+00,-2.122106313705444336e+00
-1.646490097045898438e+00,4.537465095520019531e+00,-2.158831596374511719e+00
-1.398317933082580566e+00,4.691591739654541016e+00,-2.106867551803588867e+00
1.150339245796203613e-01,4.850212574005126953e+00,-3.001441717147827148e+00
-1.024631112813949585e-01,4.906882286071777344e+00,-2.757655143737792969e+00
-3.369343578815460205e-01,4.931149482727050781e+00,-2.562585830688476562e+00
-5.137256383895874023e-01,4.917382717132568359e+00,-2.502819061279296875e+00
-6.155886054039001465e-01,4.895336627960205078e+00,-2.512385606765747070e+00
-6.736668348312377930e-01,4.919140815734863281e+00,-2.325897455215454102e+00
-2.166416168212890625e+00,4.096924304962158203e+00,-2.213955879211425781e+00
-2.267253875732421875e+00,3.966734647750854492e+00,-2.291263103485107422e+00
-2.296067953109741211e+00,3.986133813858032227e+00,-2.088834047317504883e+00
5.044507980346679688e-01,4.791758537292480469e+00,-3.061890840530395508e+00
-5.707665905356407166e-02,3.251209735870361328e+00,-6.093767642974853516e+00
1.192348301410675049e-01,3.235216379165649414e+00,-6.102860450744628906e+00
-2.819215536117553711e+00,3.129065036773681641e+00,-2.082375764846801758e+00
-2.887298583984375000e+00,1.041051626205444336e+00,-2.046037673950195312e+00
3.068217515945434570e+00,1.761817216873168945e+00,-1.810480833053588867e+00
3.083594560623168945e+00,1.848978519439697266e+00,-1.734394550323486328e+00
2.150484800338745117e+00,4.188315868377685547e+00,-1.875919699668884277e+00
2.490300178527832031e+00,3.871843576431274414e+00,-1.511445999145507812e+00
2.311381578445434570e+00,4.063403129577636719e+00,-1.651881814002990723e+00
1.565137386322021484e+00,4.568772792816162109e+00,-2.255638837814331055e+00
2.157432556152343750e+00,4.215046882629394531e+00,-1.697072863578796387e+00
3.080506324768066406e+00,1.671691656112670898e+00,-1.652413845062255859e+00
7.019018530845642090e-01,4.797587871551513672e+00,-2.864412784576416016e+00
9.419056177139282227e-01,4.789602756500244141e+00,-2.591493606567382812e+00
1.108064055442810059e+00,4.766250133514404297e+00,-2.410362005233764648e+00
7.721008062362670898e-01,2.979362010955810547e+00,-6.097681045532226562e+00
3.113017320632934570e+00,1.758165121078491211e+00,-1.447267651557922363e+00
2.948281526565551758e+00,1.034752130508422852e+00,-1.614409565925598145e+00
2.986016988754272461e+00,1.143360257148742676e+00,-1.581395387649536133e+00
-2.983517646789550781e+00,1.257734894752502441e+00,-1.830234527587890625e+00
-3.053542613983154297e+00,2.446589231491088867e+00,-1.750526428222656250e+00
-3.026868820190429688e+00,1.429116487503051758e+00,-1.794361829757690430e+00
-3.080487489700317383e+00,1.699397683143615723e+00,-1.676621794700622559e+00
-2.959745883941650391e+00,2.874672651290893555e+00,-1.743621349334716797e+00
-2.987771987915039062e+00,2.763230800628662109e+00,-1.763284325599670410e+00
-1.478540182113647461e+00,4.696312427520751953e+00,-1.829093813896179199e+00
-1.820501685142517090e+00,4.479103565216064453e+00,-1.822695732116699219e+00
2.998437881469726562e-01,4.923488616943359375e+00,-2.617393970489501953e+00
-3.767161965370178223e-01,4.992138862609863281e+00,-2.210047006607055664e+00
-2.060173511505126953e+00,4.309789657592773438e+00,-1.678622364997863770e+00
-2.435688257217407227e+00,3.899518251419067383e+00,-1.722269535064697266e+00
-2.702136278152465820e+00,3.466061830520629883e+00,-1.831086635589599609e+00
5.339998006820678711e-01,4.883756160736083984e+00,-2.645620584487915039e+00
4.785744547843933105e-01,2.950574159622192383e+00,-6.244556903839111328e+00
5.867167562246322632e-02,3.054760456085205078e+00,-6.250987052917480469e+00
-2.918537378311157227e+00,3.062849521636962891e+00,-1.587954044342041016e+00
-3.112081289291381836e+00,2.246221780776977539e+00,-1.444852113723754883e+00
-3.109680891036987305e+00,1.798085331916809082e+00,-1.495210051536560059e+00
-3.079233169555664062e+00,1.522212982177734375e+00,-1.503129959106445312e+00
3.141726493835449219e+00,1.957914352416992188e+00,-1.244370579719543457e+00
3.035486459732055664e+00,2.894780874252319336e+00,-9.808231592178344727e-01
2.703295946121215820e+00,3.626038312911987305e+00,-1.106880545616149902e+00
2.920656204223632812e+00,3.209787607192993164e+00,-1.015356183052062988e+00
1.830765128135681152e+00,4.487191200256347656e+00,-1.727016925811767578e+00
1.344978690147399902e+00,4.727141380310058594e+00,-2.056512832641601562e+00
1.085563302040100098e+00,4.727213382720947266e+00,-2.635040998458862305e+00
7.842931747436523438e-01,4.895634651184082031e+00,-2.303011417388916016e+00
1.192981004714965820e+00,4.810497283935546875e+00,-1.976885199546813965e+00
4.574868381023406982e-01,2.813656091690063477e+00,-6.333651542663574219e+00
3.020941972732543945e+00,1.096561551094055176e+00,-1.126874327659606934e+00
2.976792335510253906e+00,9.830836653709411621e-01,-1.200938224792480469e+00
3.149474143981933594e+00,1.792214274406433105e+00,-1.077190518379211426e+00
3.145080089569091797e+00,1.689651370048522949e+00,-1.028340578079223633e+00
-3.127592086791992188e+00,1.737095952033996582e+00,-1.282762169837951660e+00
-3.075647592544555664e+00,2.566216707229614258e+00,-1.397444725036621094e+00
-3.054292678833007812e+00,2.625421285629272461e+00,-1.487474203109741211e+00
-3.084277153015136719e+00,1.453873276710510254e+00,-1.344920396804809570e+00
-2.764970302581787109e+00,3.427285194396972656e+00,-1.538205623626708984e+00
-2.925440073013305664e+00,3.097068309783935547e+00,-1.427001595497131348e+00
-1.603539884090423584e-01,5.049111843109130859e+00,-1.978110551834106445e+00
-1.719801187515258789e+00,4.588631629943847656e+00,-1.570520997047424316e+00
-1.303795814514160156e+00,4.845695495605468750e+00,-1.372711181640625000e+00
4.788151681423187256e-01,4.969807624816894531e+00,-2.257715463638305664e+00
1.155766919255256653e-01,5.041804313659667969e+00,-2.039694070816040039e+00
-3.313765525817871094e-01,5.032214641571044922e+00,-2.000663757324218750e+00
-2.138216018676757812e+00,4.285928249359130859e+00,-1.376108288764953613e+00
-2.495087385177612305e+00,3.894299268722534180e+00,-1.346445918083190918e+00
9.771504998207092285e-01,4.738574504852294922e+00,-2.763533592224121094e+00
3.699780702590942383e-01,4.950886726379394531e+00,-2.443030834197998047e+00
6.157515048980712891e-01,4.896265029907226562e+00,-2.507527828216552734e+00
1.727635413408279419e-01,2.809234380722045898e+00,-6.396144390106201172e+00
-5.940327793359756470e-02,2.787432432174682617e+00,-6.417094230651855469e+00
-2.628095388412475586e+00,3.727737426757812500e+00,-1.214360117912292480e+00
-2.931572437286376953e+00,3.145294427871704102e+00,-1.193021655082702637e+00
-3.120673418045043945e+00,2.408349990844726562e+00,-1.186014771461486816e+00
-3.094993352890014648e+00,1.408092141151428223e+00,-1.152453303337097168e+00
-2.991795063018798828e+00,1.065598607063293457e+00,-1.330476045608520508e+00
-2.945705652236938477e+00,9.514257311820983887e-01,-1.404663205146789551e+00
-3.040775775909423828e+00,1.200776457786560059e+00,-1.223043799400329590e+00
3.181163787841796875e+00,2.018036842346191406e+00,-7.017987966537475586e-01
3.122362375259399414e+00,2.647711992263793945e+00,-5.434206724166870117e-01
2.643538951873779297e+00,3.763720512390136719e+00,-7.665745019912719727e-01
2.873066663742065430e+00,3.375497817993164062e+00,-6.188665628433227539e-01
2.961662769317626953e+00,3.174352407455444336e+00,-6.073904037475585938e-01
1.680007457733154297e+00,4.636781215667724609e+00,-1.408393263816833496e+00
2.394899368286132812e+00,4.058169364929199219e+00,-1.063884377479553223e+00
7.254615426063537598e-01,4.941696643829345703e+00,-2.127753496170043945e+00
7.410123944282531738e-01,4.948962211608886719e+00,-2.059989690780639648e+00
8.346521854400634766e-01,4.949851036071777344e+00,-1.897895455360412598e+00
1.290957689285278320e+00,2.466735839843750000e+00,-5.980600833892822266e+00
3.033307313919067383e+00,1.051797151565551758e+00,-7.634001970291137695e-01
3.143290042877197266e+00,1.507160305976867676e+00,-6.910441517829895020e-01
-3.132454395294189453e+00,2.489127159118652344e+00,-8.935080170631408691e-01
-3.166557312011718750e+00,1.805651545524597168e+00,-8.487219810485839844e-01
-3.094303846359252930e+00,1.334279417991638184e+00,-9.618424177169799805e-01
1.666997000575065613e-02,5.113939762115478516e+00,-1.524066686630249023e+00
3.988751024007797241e-02,5.100900650024414062e+00,-1.631213545799255371e+00
8.472222089767456055e-02,5.069307327270507812e+00,-1.863115906715393066e+00
-1.717147588729858398e+00,4.643838405609130859e+00,-1.134241461753845215e+00
-2.273535013198852539e+00,4.169468879699707031e+00,-1.242297530174255371e+00
3.302889764308929443e-01,5.055526256561279297e+00,-1.838900208473205566e+00
4.418776035308837891e-01,5.040797710418701172e+00,-1.842443704605102539e+00
-2.192735433578491211e+00,4.275007724761962891e+00,-1.044608831405639648e+00
-1.771181821823120117e+00,4.624263286590576172e+00,-9.532467126846313477e-01
-2.584138870239257812e+00,3.829916477203369141e+00,-9.483425617218017578e-01
-2.768197774887084961e+00,3.530746459960937500e+00,-9.944079518318176270e-01
9.284018278121948242e-01,4.839001178741455078e+00,-2.375765800476074219e+00
5.087528750300407410e-02,2.524507999420166016e+00,-6.531049251556396484e+00
-2.303761094808578491e-01,2.581522941589355469e+00,-6.494189739227294922e+00
-9.780182838439941406e-01,2.512933969497680664e+00,-6.214780330657958984e+00
-8.774273395538330078e-01,2.454146385192871094e+00,-6.297331333160400391e+00
-1.311313033103942871e+00,2.896094322204589844e+00,-5.747262001037597656e+00
-1.173123955726623535e+00,2.634398698806762695e+00,-6.019516468048095703e+00
-1.220661401748657227e+00,2.672363996505737305e+00,-5.961134910583496094e+00
-2.944738388061523438e+00,3.174003362655639648e+00,-8.963757157325744629e-01
-2.936963081359863281e+00,3.206918716430664062e+00,-8.155677318572998047e-01
-3.082017421722412109e+00,2.775308609008789062e+00,-7.696887254714965820e-01
3.191331148147583008e+00,2.201155662536621094e+00,-2.128445357084274292e-01
3.146007537841796875e+00,2.567867040634155273e+00,-2.494078576564788818e-01
3.164616107940673828e+00,2.458991765975952148e+00,-2.057640701532363892e-01
3.182190656661987305e+00,1.757420182228088379e+00,-4.748380184173583984e-01
3.064875841140747070e+00,2.916733980178833008e+00,-1.449076682329177856e-01
3.093525886535644531e+00,2.811012506484985352e+00,-2.030077725648880005e-01
2.832885980606079102e+00,3.472723007202148438e+00,-4.150891900062561035e-01
2.777116298675537109e+00,3.575859785079956055e+00,-4.050188958644866943e-01
2.720050573348999023e+00,3.678236246109008789e+00,-2.801425158977508545e-01
1.517604589462280273e+00,4.767752647399902344e+00,-1.079706788063049316e+00
2.142688989639282227e+00,4.347119331359863281e+00,-7.553254365921020508e-01
1.996255755424499512e+00,4.466809749603271484e+00,-8.443233370780944824e-01
8.823547959327697754e-01,4.982238292694091797e+00,-1.553785085678100586e+00
1.369743227958679199e+00,4.855561256408691406e+00,-9.360768198966979980e-01
1.232308983802795410e+00,4.911580085754394531e+00,-1.013336062431335449e+00
6.590366363525390625e-01,5.002703666687011719e+00,-1.835320234298706055e+00
1.804138302803039551e+00,4.621438503265380859e+00,-6.932849287986755371e-01
5.668538808822631836e-01,5.054818630218505859e+00,-1.579473376274108887e+00
4.231933951377868652e-01,5.066788673400878906e+00,-1.668307304382324219e+00
9.903098940849304199e-01,2.088381767272949219e+00,-6.292816638946533203e+00
5.705076456069946289e-01,2.203142642974853516e+00,-6.500414848327636719e+00
7.108941078186035156e-01,2.252527713775634766e+00,-6.434244632720947266e+00
3.083779335021972656e+00,1.165881037712097168e+00,-3.612649440765380859e-01
3.110615015029907227e+00,1.273398399353027344e+00,-3.743083178997039795e-01
3.143799066543579102e+00,1.422531604766845703e+00,-2.703778445720672607e-01
3.158751249313354492e+00,1.507036209106445312e+00,-2.855052053928375244e-01
-3.184963464736938477e+00,2.249342441558837891e+00,-3.463140428066253662e-01
-3.159956693649291992e+00,1.575518012046813965e+00,-5.459777712821960449e-01
-3.027947187423706055e+00,1.014738440513610840e+00,-6.432226896286010742e-01
-2.765474796295166016e+00,3.565941095352172852e+00,-7.592915296554565430e-01
-2.713480234146118164e+00,3.646785974502563477e+00,-8.243219852447509766e-01
-1.149422764778137207e+00,4.971136093139648438e+00,-6.225768327713012695e-01
-2.958745658397674561e-01,5.152175903320312500e+00,-9.502455592155456543e-01
2.640344202518463135e-01,5.126326084136962891e+00,-1.301447272300720215e+00
6.513006985187530518e-03,5.164998054504394531e+00,-9.668572545051574707e-01
-1.509262323379516602e+00,4.796427249908447266e+00,-7.723658084869384766e-01
-1.664676904678344727e+00,4.709624767303466797e+00,-7.348083853721618652e-01
-1.682253837585449219e+00,4.691171646118164062e+00,-8.333327770233154297e-01
-2.212106704711914062e+00,4.281647682189941406e+00,-7.656258940696716309e-01
-2.146723508834838867e+00,4.347535610198974609e+00,-7.080022096633911133e-01
-2.424484491348266602e+00,4.050445556640625000e+00,-8.167571425437927246e-01
-2.435162782669067383e+00,4.052196979522705078e+00,-6.456790566444396973e-01
-2.576000690460205078e+00,3.867505550384521484e+00,-6.872475743293762207e-01
-1.690609574317932129e+00,4.702840328216552734e+00,-5.703260898590087891e-01
-2.737134456634521484e+00,3.631296157836914062e+00,-5.922490954399108887e-01
4.927994683384895325e-02,2.164242744445800781e+00,-6.610131263732910156e+00
-3.252967000007629395e-01,2.347375631332397461e+00,-6.547028064727783203e+00
-8.154734969139099121e-01,2.245722055435180664e+00,-6.382857799530029297e+00
-1.498369812965393066e+00,2.611013889312744141e+00,-5.711555004119873047e+00
-2.850975990295410156e+00,3.429441452026367188e+00,-5.308740735054016113e-01
-3.056756496429443359e+00,2.927984237670898438e+00,-3.556617200374603271e-01
-2.532701492309570312e+00,3.876970291137695312e+00,-1.132433414459228516e+00
-3.173843860626220703e+00,1.625589132308959961e+00,-2.989923059940338135e-01
-3.192409276962280273e+00,1.841253280639648438e+00,-2.720815539360046387e-01
-3.127046346664428711e+00,1.358625769615173340e+00,-4.345811009407043457e-01
-3.102282762527465820e+00,1.251809477806091309e+00,-4.743747413158416748e-01
-2.998177051544189453e+00,9.123812317848205566e-01,-5.214368700981140137e-01
3.190705776214599609e+00,1.769895076751708984e+00,-7.538796868175268173e-03
3.172018289566040039e+00,1.586317300796508789e+00,-7.859519124031066895e-02
3.143300533294677734e+00,1.404708862304687500e+00,-1.054377928376197815e-01
3.122889757156372070e+00,1.308187127113342285e+00,-1.548060029745101929e-01
2.841881275177001953e+00,3.469907760620117188e+00,-4.316659644246101379e-02
2.778245210647583008e+00,3.584321737289428711e+00,-1.419924646615982056e-01
2.463633060455322266e+00,4.038162708282470703e+00,-2.351536154747009277e-01
2.586609125137329102e+00,3.881294012069702148e+00,-1.215811073780059814e-01
2.650686025619506836e+00,3.791352272033691406e+00,-1.084608957171440125e-01
2.250472784042358398e+00,4.273115634918212891e+00,-1.112622693181037903e-01
2.452855348587036133e+00,4.053750991821289062e+00,-4.798758774995803833e-02
2.019349813461303711e+00,4.466017246246337891e+00,-5.836661458015441895e-01
2.021034955978393555e+00,4.469590187072753906e+00,-4.694701135158538818e-01
1.662675142288208008e+00,4.719800949096679688e+00,-5.635485053062438965e-01
7.254177331924438477e-01,5.076581954956054688e+00,-1.020413875579833984e+00
1.117899894714355469e+00,4.974220275878906250e+00,-7.712671160697937012e-01
5.398668646812438965e-01,5.081718444824218750e+00,-1.383678913116455078e+00
1.658063173294067383e+00,4.730153083801269531e+00,-3.723198175430297852e-01
1.840171813964843750e+00,4.612887382507324219e+00,-3.159792423248291016e-01
1.928657770156860352e+00,4.548286914825439453e+00,-3.069155812263488770e-01
5.363359451293945312e-01,5.105296611785888672e+00,-1.145932555198669434e+00
-3.197193622589111328e+00,1.900239229202270508e+00,-2.114183269441127777e-02
-3.171473979949951172e+00,1.580505013465881348e+00,-1.267227530479431152e-01
-3.184334516525268555e+00,1.689865589141845703e+00,-8.126077055931091309e-02
-3.095445871353149414e+00,2.806015491485595703e+00,-1.741046756505966187e-01
-3.121268749237060547e+00,2.697872161865234375e+00,-1.355836987495422363e-01
-2.992112636566162109e+00,3.111704826354980469e+00,-4.484058916568756104e-01
-3.094984531402587891e+00,1.197817206382751465e+00,-2.656275033950805664e-01
-3.037889957427978516e+00,1.003581762313842773e+00,-2.380973398685455322e-01
-2.969670057296752930e+00,3.184711456298828125e+00,-2.515175938606262207e-01
-3.022736072540283203e+00,3.044182777404785156e+00,-1.838633120059967041e-01
-8.490356206893920898e-01,5.082690238952636719e+00,-2.293970584869384766e-01
-9.598476886749267578e-01,5.050089359283447266e+00,-2.298840731382369995e-01
-1.369895696640014648e+00,4.886074066162109375e+00,-3.628318011760711670e-01
-1.275268554687500000e+00,4.930379390716552734e+00,-3.075910210609436035e-01
4.072740375995635986e-01,5.140883445739746094e+00,-9.341801404953002930e-01
-1.526730060577392578e+00,4.811156749725341797e+00,-1.414693444967269897e-01
-2.039917945861816406e+00,4.460318088531494141e+00,-2.886381447315216064e-01
-2.125717639923095703e+00,4.386504650115966797e+00,-3.061302602291107178e-01
-1.728662848472595215e+00,4.686461925506591797e+00,-3.748082816600799561e-01
-1.823439240455627441e+00,4.624382495880126953e+00,-3.220788240432739258e-01
-2.523108243942260742e+00,3.953578710556030273e+00,-4.838497340679168701e-01
-2.419509410858154297e+00,4.089550018310546875e+00,-2.479935139417648315e-01
-2.487666368484497070e+00,4.008444309234619141e+00,-2.508038878440856934e-01
-2.670356035232543945e+00,3.752757310867309570e+00,-3.722267448902130127e-01
-2.722019195556640625e+00,3.670130729675292969e+00,-4.098278284072875977e-01
-1.719707846641540527e+00,4.696723937988281250e+00,-1.424220651388168335e-01
-2.315622091293334961e+00,4.206430912017822266e+00,-1.794279366731643677e-01
-2.240333080291748047e+00,4.282611370086669922e+00,-1.327696591615676880e-01
-2.088774442672729492e+00,4.423029422760009766e+00,-7.487265020608901978e-02
-2.751189231872558594e+00,3.630429983139038086e+00,-1.913861930370330811e-01
-2.689492464065551758e+00,3.730120897293090820e+00,-1.726968884468078613e-01
-3.126948773860931396e-01,2.125392913818359375e+00,-6.583095550537109375e+00
-5.670748949050903320e-01,2.221544265747070312e+00,-6.499655723571777344e+00
-2.867569923400878906e+00,3.416483879089355469e+00,-1.484480500221252441e-01
-3.151461362838745117e+00,2.550404071807861328e+00,-7.376079261302947998e-02
-3.118267536163330078e+00,1.285751938819885254e+00,-1.639900915324687958e-02
-3.099011421203613281e+00,1.206963658332824707e+00,-9.859151393175125122e-02
1.930323719978332520e+00,4.551151752471923828e+00,-2.650826983153820038e-02
1.901014447212219238e+00,4.571907520294189453e+00,-1.373574882745742798e-01
1.153489947319030762e+00,4.977534770965576172e+00,-4.107128381729125977e-01
1.241778254508972168e+00,4.943941116333007812e+00,-3.410746753215789795e-01
1.408315420150756836e+00,4.869771003723144531e+00,-2.575614452362060547e-01
1.533048033714294434e+00,4.806442260742187500e+00,-2.005364447832107544e-01
1.714651346206665039e+00,4.700070858001708984e+00,-1.419021636247634888e-01
5.709907412528991699e-01,5.132983684539794922e+00,-6.418665647506713867e-01
6.659840345382690430e-01,5.116225719451904297e+00,-5.898406505584716797e-01
8.329128026962280273e-01,5.080881118774414062e+00,-4.615290462970733643e-01
1.116151809692382812e+00,4.996289730072021484e+00,-2.322586476802825928e-01
1.020179271697998047e+00,5.028794765472412109e+00,-3.098799288272857666e-01
-3.017587184906005859e+00,9.376078248023986816e-01,-2.156280726194381714e-02
-2.796225070953369141e+00,3.554237842559814453e+00,-9.436017833650112152e-03
-2.707404375076293945e+00,3.704384803771972656e+00,-1.050654333084821701e-02
-2.904526293277740479e-01,5.185953617095947266e+00,-7.597266882658004761e-02
-1.509370952844619751e-01,5.193358421325683594e+00,-2.607764005661010742e-01
2.160131186246871948e-01,5.188503265380859375e+00,-3.218342959880828857e-01
1.656814068555831909e-01,5.192940711975097656e+00,-2.503514885902404785e-01
3.965336084365844727e-01,5.165010452270507812e+00,-5.200845599174499512e-01
-4.598824679851531982e-02,5.198369503021240234e+00,-1.086665540933609009e-01
-1.875512123107910156e+00,4.591634273529052734e+00,-7.456976920366287231e-02
-2.581768512725830078e+00,3.888986587524414062e+00,-7.638724893331527710e-02
-2.517295122146606445e+00,3.974463224411010742e+00,-3.578907623887062073e-02
